INSERT INTO Railroad.Passenger (id, full_name, passport_number, contacts, trip_count, spent_money)
VALUES
(1, 'Michael Johnson', 452893476, 'michael.johnson@example.com', 5, 200),
(2, 'Emily Williams', 798523611, 'emily.williams@example.com', 3, 150),
(3, 'Daniel Brown', 123987654, 'daniel.brown@example.com', 7, 300),
(4, 'Olivia Smith', 564738291, 'olivia.smith@example.com', 4, 250),
(5, 'James Wilson', 987654123, 'james.wilson@example.com', 6, 350),
(6, 'Sophia Miller', 456123789, 'sophia.miller@example.com', 3, 180),
(7, 'Alexander Taylor', 789456123, 'alexander.taylor@example.com', 8, 420),
(8, 'Isabella Davis', 951753852, 'isabella.davis@example.com', 2, 120),
(9, 'William Brown', 258741369, 'william.brown@example.com', 5, 280),
(10, 'Olivia Johnson', 147852369, 'olivia.johnson@example.com', 4, 230),
(11, 'Ethan Anderson', 369852147, 'ethan.anderson@example.com', 6, 320),
(12, 'Sophia Rodriguez', 369258147, 'sophia.rodriguez@example.com', 3, 150),
(13, 'Michael Martinez', 159753852, 'michael.martinez@example.com', 7, 370),
(14, 'Emma Thompson', 123654789, 'emma.thompson@example.com', 5, 290),
(15, 'Noah Hernandez', 987654321, 'noah.hernandez@example.com', 4, 240),
(16, 'Ava Wilson', 369147258, 'ava.wilson@example.com', 6, 380),
(17, 'Liam Garcia', 741852963, 'liam.garcia@example.com', 2, 130),
(18, 'Emma Smith', 369258147, 'emma.smith@example.com', 5, 270),
(19, 'Mia Martinez', 456123789, 'mia.martinez@example.com', 3, 180),
(20, 'Elijah Brown', 951753852, 'elijah.brown@example.com', 7, 350),
(21, 'Charlotte Davis', 147852369, 'charlotte.davis@example.com', 4, 220),
(22, 'Daniel Taylor', 369852147, 'daniel.taylor@example.com', 6, 300),
(23, 'Avery Johnson', 159753852, 'avery.johnson@example.com', 3, 160),
(24, 'Oliver Wilson', 123654789, 'oliver.wilson@example.com', 8, 420),
(25, 'Sophia Hernandez', 987654321, 'sophia.hernandez@example.com', 5, 260),
(26, 'Logan Garcia', 369147258, 'logan.garcia@example.com', 4, 240),
(27, 'Amelia Smith', 741852963, 'amelia.smith@example.com', 7, 380),
(28, 'Benjamin Miller', 369258147, 'benjamin.miller@example.com', 2, 110),
(29, 'Chloe Martinez', 456123789, 'chloe.martinez@example.com', 5, 290),
(30, 'William Anderson', 951753852, 'william.anderson@example.com', 3, 170),
(31, 'Evelyn Brown', 147852369, 'evelyn.brown@example.com', 6, 350),
(32, 'Daniel Johnson', 369852147, 'daniel.johnson@example.com', 4, 220),
(33, 'Mia Taylor', 159753852, 'mia.taylor@example.com', 5, 300),
(34, 'Ethan Davis', 123654789, 'ethan.davis@example.com', 3, 180),
(35, 'Ava Williams', 987654321, 'ava.williams@example.com', 7, 400),
(36, 'Liam Wilson', 369147258, 'liam.wilson@example.com', 4, 230),
(37, 'Emma Garcia', 741852963, 'emma.garcia@example.com', 6, 380),
(38, 'Olivia Smith', 369258147, 'olivia.smith@example.com', 2, 120),
(39, 'Noah Miller', 456123789, 'noah.miller@example.com', 5, 260),
(40, 'Isabella Hernandez', 951753852, 'isabella.hernandez@example.com', 3, 170),
(41, 'William Thompson', 147852369, 'william.thompson@example.com', 8, 420),
(42, 'Sophia Lee', 369852147, 'sophia.lee@example.com', 4, 240),
(43, 'Mason Martinez', 159753852, 'mason.martinez@example.com', 7, 380),
(44, 'Ella Johnson', 123654789, 'ella.johnson@example.com', 3, 180),
(45, 'James Davis', 987654321, 'james.davis@example.com', 6, 320),
(46, 'Avery Williams', 369147258, 'avery.williams@example.com', 5, 280),
(47, 'Charlotte Wilson', 741852963, 'charlotte.wilson@example.com', 3, 150),
(48, 'Liam Garcia', 369258147, 'liam.garcia@example.com', 6, 370),
(49, 'Emma Smith', 456123789, 'emma.smith@example.com', 4, 210),
(50, 'Mia Martinez', 951753852, 'mia.martinez@example.com', 5, 310),
(51, 'Elijah Brown', 147852369, 'elijah.brown@example.com', 3, 160),
(52, 'Charlotte Davis', 369852147, 'charlotte.davis@example.com', 8, 430),
(53, 'Oliver Taylor', 159753852, 'oliver.taylor@example.com', 4, 240),
(54, 'Sophia Hernandez', 123654789, 'sophia.hernandez@example.com', 7, 390),
(55, 'Logan Miller', 987654321, 'logan.miller@example.com', 5, 270),
(56, 'Amelia Garcia', 369147258, 'amelia.garcia@example.com', 4, 230),
(57, 'Benjamin Smith', 741852963, 'benjamin.smith@example.com', 6, 350),
(58, 'Chloe Johnson', 369258147, 'chloe.johnson@example.com', 3, 170),
(59, 'William Martinez', 456123789, 'william.martinez@example.com', 7, 400),
(60, 'Evelyn Wilson', 951753852, 'evelyn.wilson@example.com', 4, 220),
(61, 'Daniel Thompson', 147852369, 'daniel.thompson@example.com', 6, 330),
(62, 'Mia Lee', 369852147, 'mia.lee@example.com', 3, 180),
(63, 'Ethan Hernandez', 159753852, 'ethan.hernandez@example.com', 7, 390),
(64, 'Ava Johnson', 123654789, 'ava.johnson@example.com', 5, 260),
(65, 'Liam Davis', 987654321, 'liam.davis@example.com', 3, 150),
(66, 'Emma Williams', 369147258, 'emma.williams@example.com', 8, 420),
(67, 'Noah Smith', 741852963, 'noah.smith@example.com', 4, 210),
(68, 'Isabella Martinez', 369258147, 'isabella.martinez@example.com', 5, 310),
(69, 'William Brown', 456123789, 'william.brown@example.com', 3, 160),
(70, 'Sophia Davis', 951753852, 'sophia.davis@example.com', 8, 430),
(71, 'Mason Taylor', 147852369, 'mason.taylor@example.com', 4, 220),
(72, 'Ella Miller', 369852147, 'ella.miller@example.com', 6, 340),
(73, 'James Hernandez', 159753852, 'james.hernandez@example.com', 3, 190),
(74, 'Avery Thompson', 123654789, 'avery.thompson@example.com', 7, 400),
(75, 'Charlotte Johnson', 987654321, 'charlotte.johnson@example.com', 4, 240),
(76, 'Liam Wilson', 369147258, 'liam.wilson@example.com', 5, 280),
(77, 'Emma Garcia', 741852963, 'emma.garcia@example.com', 3, 150),
(78, 'Olivia Smith', 369258147, 'olivia.smith@example.com', 8, 420),
(79, 'Noah Miller', 456123789, 'noah.miller@example.com', 4, 230),
(80, 'Isabella Hernandez', 951753852, 'isabella.hernandez@example.com', 6, 350),
(81, 'William Thompson', 147852369, 'william.thompson@example.com', 3, 180),
(82, 'Sophia Lee', 369852147, 'sophia.lee@example.com', 7, 370),
(83, 'Mason Martinez', 159753852, 'mason.martinez@example.com', 5, 290),
(84, 'Ella Johnson', 123654789, 'ella.johnson@example.com', 3, 160),
(85, 'James Davis', 987654321, 'james.davis@example.com', 6, 330),
(86, 'Avery Williams', 369147258, 'avery.williams@example.com', 4, 220),
(87, 'Charlotte Wilson', 741852963, 'charlotte.wilson@example.com', 5, 280),
(88, 'Liam Garcia', 369258147, 'liam.garcia@example.com', 3, 190),
(89, 'Emma Smith', 456123789, 'emma.smith@example.com', 8, 430),
(90, 'Mia Martinez', 951753852, 'mia.martinez@example.com', 4, 240),
(91, 'Elijah Brown', 147852369, 'elijah.brown@example.com', 7, 400),
(92, 'Charlotte Davis', 369852147, 'charlotte.davis@example.com', 4, 230),
(93, 'Oliver Taylor', 159753852, 'oliver.taylor@example.com', 5, 260),
(94, 'Sophia Hernandez', 123654789, 'sophia.hernandez@example.com', 3, 170),
(95, 'Logan Miller', 987654321, 'logan.miller@example.com', 8, 420),
(96, 'Amelia Garcia', 369147258, 'amelia.garcia@example.com', 3, 180),
(97, 'Benjamin Smith', 741852963, 'benjamin.smith@example.com', 6, 350),
(98, 'Chloe Johnson', 369258147, 'chloe.johnson@example.com', 5, 290),
(99, 'William Martinez', 456123789, 'william.martinez@example.com', 3, 160),
(100, 'Evelyn Wilson', 951753852, 'evelyn.wilson@example.com', 7, 380);

INSERT INTO Railroad.TrainModel (id, name, freight, max_speed, max_power, total_mass, engine_type)
VALUES
(1, 'Express', false, 200, 5000, 100000, 'Electric'),
(2, 'Freightliner', true, 150, 6000, 200000, 'Diesel'),
(3, 'Regional', false, 180, 4500, 90000, 'Hybrid'),
(4, 'CargoMaster', true, 120, 7000, 250000, 'Diesel'),
(5, 'Commuter', false, 160, 4000, 80000, 'Electric'),
(6, 'PassengerShuttle', false, 170, 4500, 85000, 'Hybrid'),
(7, 'ExpressPassenger', false, 190, 5500, 95000, 'Electric'),
(8, 'FreightCargo', true, 130, 6500, 210000, 'Diesel'),
(9, 'CommuterShuttle', false, 180, 4700, 90000, 'Hybrid'),
(10, 'IntercityPassenger', false, 200, 6000, 100000, 'Electric'),
(11, 'FreightMaster', true, 140, 7000, 220000, 'Diesel'),
(12, 'PassengerExpress', false, 170, 5000, 95000, 'Electric'),
(13, 'CargoTransporter', true, 150, 7500, 230000, 'Diesel'),
(14, 'RegionalShuttle', false, 160, 4800, 90000, 'Hybrid'),
(15, 'CommuterExpress', false, 190, 5500, 100000, 'Electric'),
(16, 'FreightCarrier', true, 120, 7000, 210000, 'Diesel'),
(17, 'PassengerMaster', false, 180, 5000, 100000, 'Electric'),
(18, 'CargoExpress', true, 130, 6800, 240000, 'Diesel'),
(19, 'IntercityShuttle', false, 200, 6000, 110000, 'Electric'),
(20, 'FreightTransporter', true, 140, 7200, 230000, 'Diesel'),
(21, 'PassengerCarrier', false, 170, 5200, 105000, 'Electric'),
(22, 'CargoShuttle', true, 160, 7000, 250000, 'Diesel'),
(23, 'CommuterMaster', false, 180, 5500, 110000, 'Hybrid'),
(24, 'ExpressTransporter', false, 190, 6000, 120000, 'Electric'),
(25, 'FreightExpress', true, 130, 7300, 240000, 'Diesel'),
(26, 'RegionalExpress', false, 200, 5000, 95000, 'Electric'),
(27, 'PassengerTransporter', false, 170, 5300, 105000, 'Electric'),
(28, 'CargoCarrier', true, 150, 6900, 230000, 'Diesel'),
(29, 'IntercityMaster', false, 180, 5700, 115000, 'Electric'),
(30, 'FreightShuttle', true, 160, 7500, 260000, 'Diesel'),
(31, 'PassengerExpress', false, 190, 5500, 110000, 'Electric'),
(32, 'CargoMaster', true, 130, 7000, 250000, 'Diesel'),
(33, 'CommuterCarrier', false, 180, 5300, 100000, 'Hybrid'),
(34, 'ExpressShuttle', false, 200, 6000, 115000, 'Electric'),
(35, 'FreightExpress', true, 140, 7200, 240000, 'Diesel'),
(36, 'RegionalMaster', false, 170, 5000, 95000, 'Electric'),
(37, 'PassengerCarrier', false, 190, 5600, 110000, 'Electric'),
(38, 'CargoTransporter', true, 150, 6800, 230000, 'Diesel'),
(39, 'IntercityExpress', false, 200, 5800, 105000, 'Electric'),
(40, 'FreightCarrier', true, 130, 7300, 250000, 'Diesel'),
(41, 'CommuterExpress', false, 170, 5500, 110000, 'Electric'),
(42, 'ExpressMaster', false, 190, 5700, 115000, 'Electric'),
(43, 'CargoShuttle', true, 140, 7200, 260000, 'Diesel'),
(44, 'RegionalCarrier', false, 180, 5100, 100000, 'Electric'),
(45, 'PassengerTransporter', false, 200, 5800, 115000, 'Electric'),
(46, 'FreightExpress', true, 130, 7400, 250000, 'Diesel'),
(47, 'IntercityCarrier', false, 190, 5500, 110000, 'Electric'),
(48, 'CommuterMaster', false, 170, 5600, 105000, 'Electric'),
(49, 'ExpressCarrier', false, 180, 5900, 120000, 'Electric'),
(50, 'CargoExpress', true, 150, 7000, 260000, 'Diesel'),
(51, 'RegionalExpress', false, 200, 5200, 100000, 'Electric'),
(52, 'PassengerCarrier', false, 180, 5400, 110000, 'Electric'),
(53, 'FreightMaster', true, 140, 7500, 270000, 'Diesel'),
(54, 'CommuterExpress', false, 190, 5600, 110000, 'Electric'),
(55, 'ExpressShuttle', false, 170, 5800, 115000, 'Electric'),
(56, 'CargoCarrier', true, 160, 7200, 260000, 'Diesel'),
(57, 'RegionalTransporter', false, 200, 5300, 105000, 'Electric'),
(58, 'PassengerShuttle', false, 190, 5500, 110000, 'Electric'),
(59, 'FreightTransporter', true, 150, 7300, 270000, 'Diesel'),
(60, 'CommuterCarrier', false, 180, 5700, 115000, 'Hybrid'),
(61, 'ExpressExpress', false, 200, 5400, 105000, 'Electric'),
(62, 'CargoMaster', true, 130, 7100, 260000, 'Diesel'),
(63, 'RegionalShuttle', false, 170, 5900, 115000, 'Electric'),
(64, 'PassengerExpress', false, 190, 5600, 110000, 'Electric'),
(65, 'FreightCarrier', true, 140, 7400, 270000, 'Diesel'),
(66, 'CommuterTransporter', false, 200, 5800, 110000, 'Hybrid'),
(67, 'ExpressMaster', false, 180, 5700, 115000, 'Electric'),
(68, 'CargoExpress', true, 150, 7200, 270000, 'Diesel'),
(69, 'RegionalExpress', false, 200, 5400, 105000, 'Electric'),
(70, 'PassengerCarrier', false, 180, 5500, 110000, 'Electric'),
(71, 'FreightShuttle', true, 140, 7500, 280000, 'Diesel'),
(72, 'CommuterMaster', false, 180, 5800, 115000, 'Hybrid'),
(73, 'ExpressTransporter', false, 190, 5600, 110000, 'Electric'),
(74, 'CargoCarrier', true, 160, 7300, 270000, 'Diesel'),
(75, 'RegionalShuttle', false, 200, 5500, 110000, 'Electric'),
(76, 'PassengerExpress', false, 190, 5700, 115000, 'Electric'),
(77, 'FreightMaster', true, 140, 7400, 280000, 'Diesel'),
(78, 'CommuterCarrier', false, 180, 5900, 120000, 'Hybrid'),
(79, 'ExpressExpress', false, 200, 5600, 110000, 'Electric'),
(80, 'CargoTransporter', true, 150, 7100, 270000, 'Diesel'),
(81, 'RegionalCarrier', false, 170, 5800, 115000, 'Electric'),
(82, 'PassengerShuttle', false, 190, 5700, 115000, 'Electric'),
(83, 'FreightTransporter', true, 160, 7400, 280000, 'Diesel'),
(84, 'CommuterExpress', false, 180, 6000, 120000, 'Hybrid'),
(85, 'ExpressMaster', false, 190, 5700, 115000, 'Electric'),
(86, 'CargoExpress', true, 150, 7200, 270000, 'Diesel'),
(87, 'RegionalExpress', false, 200, 5500, 110000, 'Electric'),
(88, 'PassengerCarrier', false, 180, 5600, 115000, 'Electric'),
(89, 'FreightShuttle', true, 140, 7500, 280000, 'Diesel'),
(90, 'CommuterMaster', false, 180, 5900, 120000, 'Hybrid'),
(91, 'ExpressTransporter', false, 190, 5800, 115000, 'Electric'),
(92, 'CargoCarrier', true, 160, 7200, 270000, 'Diesel'),
(93, 'RegionalShuttle', false, 200, 5600, 110000, 'Electric'),
(94, 'PassengerExpress', false, 190, 5800, 115000, 'Electric'),
(95, 'FreightMaster', true, 140, 7500, 280000, 'Diesel'),
(96, 'CommuterCarrier', false, 180, 6000, 120000, 'Hybrid'),
(97, 'ExpressExpress', false, 200, 5700, 115000, 'Electric'),
(98, 'CargoTransporter', true, 150, 7100, 270000, 'Diesel'),
(99, 'RegionalCarrier', false, 170, 5900, 115000, 'Electric'),
(100, 'PassengerShuttle', false, 190, 5600, 115000, 'Electric');

INSERT INTO Railroad.Train (id, model_id, issue_year, last_maintenance, carriage_count)
VALUES
(1, 1, '2022-05-15', '2023-03-20', 10),
(2, 2, '2023-01-10', '2023-12-05', 15),
(3, 3, '2021-08-22', '2023-06-18', 8),
(4, 4, '2022-11-05', '2023-09-10', 20),
(5, 5, '2023-04-30', '2023-11-25', 12),
(6, 6, '2022-09-17', '2023-07-12', 9),
(7, 7, '2023-02-28', '2023-10-25', 11),
(8, 8, '2022-07-12', '2023-08-15', 18),
(9, 9, '2023-10-05', '2024-01-30', 10),
(10, 10, '2023-01-20', '2023-11-15', 13),
(11, 11, '2022-04-25', '2023-10-20', 16),
(12, 12, '2023-06-08', '2024-02-05', 10),
(13, 13, '2022-09-30', '2023-11-28', 21),
(14, 14, '2023-03-12', '2023-12-10', 14),
(15, 15, '2021-12-05', '2023-08-08', 9),
(16, 16, '2022-10-20', '2023-07-15', 17),
(17, 17, '2023-05-15', '2023-09-20', 11),
(18, 18, '2023-01-10', '2023-11-05', 19),
(19, 19, '2022-08-22', '2023-12-18', 12),
(20, 20, '2023-11-05', '2024-02-20', 22),
(21, 21, '2023-04-30', '2024-01-25', 15),
(22, 22, '2022-09-17', '2023-09-12', 14),
(23, 23, '2023-02-28', '2023-10-25', 16),
(24, 24, '2022-07-12', '2023-08-15', 20),
(25, 25, '2023-10-05', '2024-02-29', 11),
(26, 26, '2023-01-20', '2023-12-15', 18),
(27, 27, '2022-04-25', '2023-10-20', 13),
(28, 28, '2023-06-08', '2024-03-05', 9),
(29, 29, '2022-09-30', '2023-11-28', 19),
(30, 30, '2023-03-12', '2023-12-10', 16),
(31, 31, '2021-12-05', '2023-08-08', 12),
(32, 32, '2022-10-20', '2023-07-15', 18),
(33, 33, '2023-05-15', '2023-09-20', 10),
(34, 34, '2023-01-10', '2023-11-05', 21),
(35, 35, '2022-08-22', '2023-12-18', 14),
(36, 36, '2023-11-05', '2024-02-20', 23),
(37, 37, '2023-04-30', '2024-01-25', 17),
(38, 38, '2022-09-17', '2023-09-12', 15),
(39, 39, '2023-02-28', '2023-10-25', 17),
(40, 40, '2022-07-12', '2023-08-15', 21),
(41, 41, '2023-10-05', '2024-02-29', 12),
(42, 42, '2023-01-20', '2023-12-15', 19),
(43, 43, '2022-04-25', '2023-10-20', 14),
(44, 44, '2023-06-08', '2024-03-05', 10),
(45, 45, '2022-09-30', '2023-11-28', 20),
(46, 46, '2023-03-12', '2023-12-10', 15),
(47, 47, '2021-12-05', '2023-08-08', 11),
(48, 48, '2022-10-20', '2023-07-15', 19),
(49, 49, '2023-05-15', '2023-09-20', 12),
(50, 50, '2023-01-10', '2023-11-05', 22),
(51, 51, '2022-08-22', '2023-12-18', 15),
(52, 52, '2023-11-05', '2024-02-20', 24),
(53, 53, '2023-04-30', '2024-01-25', 18),
(54, 54, '2022-09-17', '2023-09-12', 16),
(55, 55, '2023-02-28', '2023-10-25', 18),
(56, 56, '2022-07-12', '2023-08-15', 22),
(57, 57, '2023-10-05', '2024-02-29', 13),
(58, 58, '2023-01-20', '2023-12-15', 20),
(59, 59, '2022-04-25', '2023-10-20', 15),
(60, 60, '2023-06-08', '2024-03-05', 11),
(61, 61, '2022-09-30', '2023-11-28', 21),
(62, 62, '2023-03-12', '2023-12-10', 16),
(63, 63, '2021-12-05', '2023-08-08', 12),
(64, 64, '2022-10-20', '2023-07-15', 20),
(65, 65, '2023-05-15', '2023-09-20', 13),
(66, 66, '2023-01-10', '2023-11-05', 23),
(67, 67, '2022-08-22', '2023-12-18', 16),
(68, 68, '2023-11-05', '2024-02-20', 25),
(69, 69, '2023-04-30', '2024-01-25', 19),
(70, 70, '2022-09-17', '2023-09-12', 17),
(71, 71, '2023-02-28', '2023-10-25', 19),
(72, 72, '2022-07-12', '2023-08-15', 23),
(73, 73, '2023-10-05', '2024-02-29', 14),
(74, 74, '2023-01-20', '2023-12-15', 21),
(75, 75, '2022-04-25', '2023-10-20', 16),
(76, 76, '2023-06-08', '2024-03-05', 12),
(77, 77, '2022-09-30', '2023-11-28', 22),
(78, 78, '2023-03-12', '2023-12-10', 17),
(79, 79, '2021-12-05', '2023-08-08', 13),
(80, 80, '2022-10-20', '2023-07-15', 21),
(81, 81, '2023-05-15', '2023-09-20', 14),
(82, 82, '2023-01-10', '2023-11-05', 24),
(83, 83, '2022-08-22', '2023-12-18', 17),
(84, 84, '2023-11-05', '2024-02-20', 26),
(85, 85, '2023-04-30', '2024-01-25', 20),
(86, 86, '2022-09-17', '2023-09-12', 18),
(87, 87, '2023-02-28', '2023-10-25', 20),
(88, 88, '2022-07-12', '2023-08-15', 24),
(89, 89, '2023-10-05', '2024-02-29', 15),
(90, 90, '2023-01-20', '2023-12-15', 22),
(91, 91, '2022-04-25', '2023-10-20', 17),
(92, 92, '2023-06-08', '2024-03-05', 13),
(93, 93, '2022-09-30', '2023-11-28', 23),
(94, 94, '2023-03-12', '2023-12-10', 18),
(95, 95, '2021-12-05', '2023-08-08', 14),
(96, 96, '2022-10-20', '2023-07-15', 22),
(97, 97, '2023-05-15', '2023-09-20', 15),
(98, 98, '2023-01-10', '2023-11-05', 25),
(99, 99, '2022-08-22', '2023-12-18', 18),
(100, 100, '2023-11-05', '2024-02-20', 27);

INSERT INTO Railroad.Driver (id, full_name, freight, grade, work_experience, date_inspire)
VALUES
(1, 'John Smith', false, 'Senior', '15', '2010-05-20'),
(2, 'Mary Johnson', true, 'Junior', '5', '2015-07-10'),
(3, 'Michael Williams', false, 'Senior', '20', '2005-03-15'),
(4, 'Patricia Brown', true, 'Junior', '7', '2013-09-28'),
(5, 'James Jones', false, 'Senior', '18', '2008-11-30'),
(6, 'Linda Miller', true, 'Junior', '4', '2016-02-12'),
(7, 'David Davis', false, 'Senior', '22', '2003-08-05'),
(8, 'Barbara Garcia', true, 'Junior', '6', '2014-04-23'),
(9, 'William Rodriguez', false, 'Senior', '16', '2009-06-17'),
(10, 'Elizabeth Martinez', true, 'Junior', '8', '2012-10-08'),
(11, 'Richard Wilson', false, 'Senior', '19', '2007-01-25'),
(12, 'Jennifer Taylor', true, 'Junior', '3', '2017-05-14'),
(13, 'Charles Thomas', false, 'Senior', '21', '2004-12-09'),
(14, 'Margaret Hernandez', true, 'Junior', '9', '2011-08-03'),
(15, 'Joseph Moore', false, 'Senior', '17', '2010-02-18'),
(16, 'Dorothy Martin', true, 'Junior', '2', '2018-07-27'),
(17, 'Daniel Jackson', false, 'Senior', '23', '2002-06-21'),
(18, 'Lisa Thompson', true, 'Junior', '10', '2010-12-05'),
(19, 'Paul White', false, 'Senior', '14', '2011-03-30'),
(20, 'Nancy Lopez', true, 'Junior', '11', '2009-09-14'),
(21, 'Mark Lee', false, 'Senior', '24', '2001-09-28'),
(22, 'Karen Clark', true, 'Junior', '12', '2008-04-12'),
(23, 'Steven Hall', false, 'Senior', '13', '2012-01-15'),
(24, 'Betty Allen', true, 'Junior', '1', '2019-10-20'),
(25, 'Edward Young', false, 'Senior', '25', '2000-12-03'),
(26, 'Helen Hernandez', true, 'Junior', '14', '2007-07-18'),
(27, 'Christopher King', false, 'Senior', '12', '2013-02-21'),
(28, 'Sandra Wright', true, 'Junior', '15', '2006-05-09'),
(29, 'Kenneth Lopez', false, 'Senior', '26', '1999-03-12'),
(30, 'Maria Hill', true, 'Junior', '16', '2005-08-27'),
(31, 'Josephine Scott', false, 'Senior', '11', '2014-01-30'),
(32, 'Anthony Green', true, 'Junior', '17', '2004-06-14'),
(33, 'Donna Adams', false, 'Senior', '27', '1998-07-07'),
(34, 'Robert Baker', true, 'Junior', '18', '2003-09-22'),
(35, 'Ruth Nelson', false, 'Senior', '10', '2015-12-15'),
(36, 'Brian Carter', true, 'Junior', '19', '2002-10-30'),
(37, 'Deborah Mitchell', false, 'Senior', '28', '1997-05-25'),
(38, 'Gary Perez', true, 'Junior', '20', '2001-01-10'),
(39, 'Shirley Roberts', false, 'Senior', '9', '2016-04-03'),
(40, 'Ryan Turner', true, 'Junior', '21', '2000-11-17'),
(41, 'Anna Diaz', false, 'Senior', '29', '1996-09-21'),
(42, 'Scott Collins', true, 'Junior', '22', '1999-08-04'),
(43, 'Carol Cox', false, 'Senior', '8', '2017-03-08'),
(44, 'Eric Brooks', true, 'Junior', '23', '1998-12-22'),
(45, 'Laura Howard', false, 'Senior', '30', '1995-04-15'),
(46, 'Debra Ward', true, 'Junior', '24', '2000-06-30'),
(47, 'Kevin Torres', false, 'Senior', '7', '2018-01-12'),
(48, 'Mark Ramirez', true, 'Junior', '25', '1997-11-05'),
(49, 'Jeremy Russell', false, 'Senior', '31', '1994-08-19'),
(50, 'Brenda Foster', true, 'Junior', '26', '1996-10-02'),
(51, 'Benjamin Gonzales', false, 'Senior', '6', '2019-05-26'),
(52, 'Pamela Alexander', true, 'Junior', '27', '1995-02-09'),
(53, 'Keith Griffin', false, 'Senior', '32', '1993-01-14'),
(54, 'Sara Butler', true, 'Junior', '28', '1994-07-28'),
(55, 'Janet Barnes', false, 'Senior', '5', '2020-08-11'),
(56, 'Randy Gonzalez', true, 'Junior', '29', '1992-03-04'),
(57, 'Kathleen Fisher', false, 'Senior', '33', '1991-06-17'),
(58, 'Larry Henderson', true, 'Junior', '30', '1993-10-30'),
(59, 'Julie Coleman', false, 'Senior', '4', '2021-01-23'),
(60, 'Gerald Martinez', true, 'Junior', '31', '1990-12-07'),
(61, 'Theresa Cooper', false, 'Senior', '34', '1989-09-20'),
(62, 'Carl Reed', true, 'Junior', '32', '1991-12-03'),
(63, 'Evelyn Long', false, 'Senior', '3', '2022-04-16'),
(64, 'Terry Patterson', true, 'Junior', '33', '1988-07-10'),
(65, 'Sharon Hughes', false, 'Senior', '35', '1987-02-02'),
(66, 'Patrick Flores', true, 'Junior', '34', '1990-04-19'),
(67, 'Diane Washington', false, 'Senior', '2', '2023-06-08'),
(68, 'Terry Sanders', true, 'Junior', '35', '1986-01-15'),
(69, 'Peter Simmons', false, 'Senior', '36', '1985-03-30'),
(70, 'Alice Foster', true, 'Junior', '36', '1988-09-14'),
(71, 'Angela Ross', false, 'Senior', '1', '2024-11-27'),
(72, 'Lori Brooks', true, 'Junior', '37', '1984-05-09'),
(73, 'Russell Gray', false, 'Senior', '37', '1983-07-24'),
(74, 'Martha Cole', true, 'Junior', '38', '1986-10-07'),
(75, 'Philip Ramirez', false, 'Senior', '38', '1982-08-20'),
(76, 'Julia Brooks', true, 'Junior', '39', '1985-12-03'),
(77, 'Eugene Watson', false, 'Senior', '39', '1981-06-16'),
(78, 'Amanda Coleman', true, 'Junior', '40', '1984-02-28'),
(79, 'Willie Barnes', false, 'Senior', '40', '1980-09-12'),
(80, 'Christina Powell', true, 'Junior', '41', '1983-11-25'),
(81, 'Billy Murphy', false, 'Senior', '41', '1979-07-30'),
(82, 'Heather Diaz', true, 'Junior', '42', '1982-01-14'),
(83, 'Gerald Carter', false, 'Senior', '42', '1978-04-27'),
(84, 'Amy Evans', true, 'Junior', '43', '1981-06-11'),
(85, 'Harry Ward', false, 'Senior', '43', '1977-12-25'),
(86, 'Debra Mitchell', true, 'Junior', '44', '1980-03-09'),
(87, 'Louis Perez', false, 'Senior', '44', '1976-05-22'),
(88, 'Tina Long', true, 'Junior', '45', '1979-08-05'),
(89, 'Catherine Gonzales', false, 'Senior', '45', '1975-10-18'),
(90, 'Larry Allen', true, 'Junior', '46', '1978-01-01'),
(91, 'Joan Hall', false, 'Senior', '46', '1974-03-16'),
(92, 'Dennis Green', true, 'Junior', '47', '1977-05-29'),
(93, 'Marie Diaz', false, 'Senior', '47', '1973-09-11'),
(94, 'Frank Ward', true, 'Junior', '48', '1976-12-24'),
(95, 'Ann Scott', false, 'Senior', '48', '1972-06-06'),
(96, 'Scott Collins', true, 'Junior', '49', '1975-08-19'),
(97, 'Gloria Cox', false, 'Senior', '49', '1971-11-01'),
(98, 'Harold Mitchell', true, 'Junior', '50', '1974-01-14'),
(99, 'Martha Ross', false, 'Senior', '50', '1970-03-29'),
(100, 'Douglas Carter', true, 'Junior', '51', '1973-06-11');

INSERT INTO Railroad.Station (id, name, town)
VALUES
(1, 'Grand Central Terminal', 'New York City'),
(2, 'Union Station', 'Washington D.C.'),
(3, 'King Cross Station', 'London'),
(4, 'Gare du Nord', 'Paris'),
(5, 'Shinjuku Station', 'Tokyo'),
(6, 'Central Station', 'Sydney'),
(7, 'Penn Station', 'New York City'),
(8, 'Paddington Station', 'London'),
(9, 'Grand Central Station', 'Chicago'),
(10, 'Central Station', 'Melbourne'),
(11, 'Santa Lucia Station', 'Venice'),
(12, 'St Pancras International', 'London'),
(13, 'Hauptbahnhof', 'Berlin'),
(14, 'Amsterdam Centraal Station', 'Amsterdam'),
(15, 'Seoul Station', 'Seoul'),
(16, 'Gare de Lyon', 'Paris'),
(17, 'Zurich Hauptbahnhof', 'Zurich'),
(18, 'Grand Central Terminal', 'New York City'),
(19, 'Shanghai Railway Station', 'Shanghai'),
(20, 'Kyoto Station', 'Kyoto'),
(21, 'Kobe Station', 'Kobe'),
(22, 'Nagoya Station', 'Nagoya'),
(23, 'Hiroshima Station', 'Hiroshima'),
(24, 'Osaka Station', 'Osaka'),
(25, 'Sendai Station', 'Sendai'),
(26, 'Yokohama Station', 'Yokohama'),
(27, 'Tokyo Station', 'Tokyo'),
(28, 'Ueno Station', 'Tokyo'),
(29, 'Sapporo Station', 'Sapporo'),
(30, 'Fukuoka Station', 'Fukuoka'),
(31, 'Nagasaki Station', 'Nagasaki'),
(32, 'Nara Station', 'Nara'),
(33, 'Kumamoto Station', 'Kumamoto'),
(34, 'Miyazaki Station', 'Miyazaki'),
(35, 'Kagoshima Station', 'Kagoshima'),
(36, 'Nagano Station', 'Nagano'),
(37, 'Niigata Station', 'Niigata'),
(38, 'Okayama Station', 'Okayama'),
(39, 'Hakata Station', 'Fukuoka'),
(40, 'Himeji Station', 'Himeji'),
(41, 'Kanazawa Station', 'Kanazawa'),
(42, 'Toyama Station', 'Toyama'),
(43, 'Fukui Station', 'Fukui'),
(44, 'Takamatsu Station', 'Takamatsu'),
(45, 'Kochi Station', 'Kochi'),
(46, 'Tokushima Station', 'Tokushima'),
(47, 'Matsumoto Station', 'Matsumoto'),
(48, 'Toyohashi Station', 'Toyohashi'),
(49, 'Gifu Station', 'Gifu'),
(50, 'Hamamatsu Station', 'Hamamatsu'),
(51, 'Shizuoka Station', 'Shizuoka'),
(52, 'Nagoya Station', 'Nagoya'),
(53, 'Osaka Station', 'Osaka'),
(54, 'Kyoto Station', 'Kyoto'),
(55, 'Hiroshima Station', 'Hiroshima'),
(56, 'Okayama Station', 'Okayama'),
(57, 'Kobe Station', 'Kobe'),
(58, 'Fukuoka Station', 'Fukuoka'),
(59, 'Nara Station', 'Nara'),
(60, 'Sendai Station', 'Sendai'),
(61, 'Yokohama Station', 'Yokohama'),
(62, 'Sapporo Station', 'Sapporo'),
(63, 'Nagasaki Station', 'Nagasaki'),
(64, 'Nagano Station', 'Nagano'),
(65, 'Kagoshima Station', 'Kagoshima'),
(66, 'Hakodate Station', 'Hakodate'),
(67, 'Shizuoka Station', 'Shizuoka'),
(68, 'Toyohashi Station', 'Toyohashi'),
(69, 'Kochi Station', 'Kochi'),
(70, 'Matsuyama Station', 'Matsuyama'),
(71, 'Takamatsu Station', 'Takamatsu'),
(72, 'Kanazawa Station', 'Kanazawa'),
(73, 'Toyama Station', 'Toyama'),
(74, 'Niigata Station', 'Niigata'),
(75, 'Aomori Station', 'Aomori'),
(76, 'Fukushima Station', 'Fukushima'),
(77, 'Iwaki Station', 'Iwaki'),
(78, 'Hachinohe Station', 'Hachinohe'),
(79, 'Kushiro Station', 'Kushiro'),
(80, 'Obihiro Station', 'Obihiro'),
(81, 'Kitakyushu Station', 'Kitakyushu'),
(82, 'Kagoshima-chuo Station', 'Kagoshima'),
(83, 'Naha Station', 'Naha'),
(84, 'Koriyama Station', 'Koriyama'),
(85, 'Kumamoto Station', 'Kumamoto'),
(86, 'Maebashi Station', 'Maebashi'),
(87, 'Oita Station', 'Oita'),
(88, 'Wakayama Station', 'Wakayama'),
(89, 'Nagano Station', 'Nagano'),
(90, 'Morioka Station', 'Morioka'),
(91, 'Shimonoseki Station', 'Shimonoseki'),
(92, 'Himeji Station', 'Himeji'),
(93, 'Takasaki Station', 'Takasaki'),
(94, 'Shirahama Station', 'Shirahama'),
(95, 'Kawagoe Station', 'Kawagoe'),
(96, 'Nishinomiya Station', 'Nishinomiya'),
(97, 'Kawasaki Station', 'Kawasaki'),
(98, 'Asahikawa Station', 'Asahikawa'),
(99, 'Otaru Station', 'Otaru'),
(100, 'Yamagata Station', 'Yamagata');

INSERT INTO Railroad.Trip (id, train_id, first_driver_id, second_driver_id, departure_time, departure_station_id, arrive_time, arrive_station_id)
VALUES
(1, 1, 1, 2, '2024-04-01 08:00:00', 1, '2024-04-01 12:00:00', 2),
(2, 2, 3, 4, '2024-04-01 09:00:00', 3, '2024-04-01 13:00:00', 4),
(3, 3, 5, 6, '2024-04-01 10:00:00', 5, '2024-04-01 14:00:00', 6),
(4, 4, 7, 8, '2024-04-01 11:00:00', 7, '2024-04-01 15:00:00', 8),
(5, 5, 9, 10, '2024-04-01 12:00:00', 9, '2024-04-01 16:00:00', 10),
(6, 6, 11, 12, '2024-04-01 13:00:00', 11, '2024-04-01 17:00:00', 12),
(7, 7, 13, 14, '2024-04-01 14:00:00', 13, '2024-04-01 18:00:00', 14),
(8, 8, 15, 16, '2024-04-01 15:00:00', 15, '2024-04-01 19:00:00', 16),
(9, 9, 17, 18, '2024-04-01 16:00:00', 17, '2024-04-01 20:00:00', 18),
(10, 10, 19, 20, '2024-04-01 17:00:00', 19, '2024-04-01 21:00:00', 20),
(11, 11, 21, 22, '2024-04-01 18:00:00', 21, '2024-04-01 22:00:00', 22),
(12, 12, 23, 24, '2024-04-01 19:00:00', 23, '2024-04-01 23:00:00', 24),
(13, 13, 25, 26, '2024-04-01 20:00:00', 25, '2024-04-02 00:00:00', 26),
(14, 14, 27, 28, '2024-04-01 21:00:00', 27, '2024-04-02 01:00:00', 28),
(15, 15, 29, 30, '2024-04-01 22:00:00', 29, '2024-04-02 02:00:00', 30),
(16, 16, 31, 32, '2024-04-01 23:00:00', 31, '2024-04-02 03:00:00', 32),
(17, 17, 33, 34, '2024-04-02 00:00:00', 33, '2024-04-02 04:00:00', 34),
(18, 18, 35, 36, '2024-04-02 01:00:00', 35, '2024-04-02 05:00:00', 36),
(19, 19, 37, 38, '2024-04-02 02:00:00', 37, '2024-04-02 06:00:00', 38),
(20, 20, 39, 40, '2024-04-02 03:00:00', 39, '2024-04-02 07:00:00', 40),
(21, 21, 41, 42, '2024-04-02 04:00:00', 41, '2024-04-02 08:00:00', 42),
(22, 22, 43, 44, '2024-04-02 05:00:00', 43, '2024-04-02 09:00:00', 44),
(23, 23, 45, 46, '2024-04-02 06:00:00', 45, '2024-04-02 10:00:00', 46),
(24, 24, 47, 48, '2024-04-02 07:00:00', 47, '2024-04-02 11:00:00', 48),
(25, 25, 49, 50, '2024-04-02 08:00:00', 49, '2024-04-02 12:00:00', 50),
(26, 26, 51, 52, '2024-04-02 09:00:00', 51, '2024-04-02 13:00:00', 52),
(27, 27, 53, 54, '2024-04-02 10:00:00', 53, '2024-04-02 14:00:00', 54),
(28, 28, 55, 56, '2024-04-02 11:00:00', 55, '2024-04-02 15:00:00', 56),
(29, 29, 57, 58, '2024-04-02 12:00:00', 57, '2024-04-02 16:00:00', 58),
(30, 30, 59, 60, '2024-04-02 13:00:00', 59, '2024-04-02 17:00:00', 60),
(31, 31, 61, 62, '2024-04-02 14:00:00', 61, '2024-04-02 18:00:00', 62),
(32, 32, 63, 64, '2024-04-02 15:00:00', 63, '2024-04-02 19:00:00', 64),
(33, 33, 65, 66, '2024-04-02 16:00:00', 65, '2024-04-02 20:00:00', 66),
(34, 34, 67, 68, '2024-04-02 17:00:00', 67, '2024-04-02 21:00:00', 68),
(35, 35, 69, 70, '2024-04-02 18:00:00', 69, '2024-04-02 22:00:00', 70),
(36, 36, 71, 72, '2024-04-02 19:00:00', 71, '2024-04-02 23:00:00', 72),
(37, 37, 73, 74, '2024-04-02 20:00:00', 73, '2024-04-03 00:00:00', 74),
(38, 38, 75, 76, '2024-04-02 21:00:00', 75, '2024-04-03 01:00:00', 76),
(39, 39, 77, 78, '2024-04-02 22:00:00', 77, '2024-04-03 02:00:00', 78),
(40, 40, 79, 80, '2024-04-02 23:00:00', 79, '2024-04-03 03:00:00', 80),
(41, 41, 81, 82, '2024-04-03 00:00:00', 81, '2024-04-03 04:00:00', 82),
(42, 42, 83, 84, '2024-04-03 01:00:00', 83, '2024-04-03 05:00:00', 84),
(43, 43, 85, 86, '2024-04-03 02:00:00', 85, '2024-04-03 06:00:00', 86),
(44, 44, 87, 88, '2024-04-03 03:00:00', 87, '2024-04-03 07:00:00', 88),
(45, 45, 89, 90, '2024-04-03 04:00:00', 89, '2024-04-03 08:00:00', 90),
(46, 46, 91, 92, '2024-04-03 05:00:00', 91, '2024-04-03 09:00:00', 92),
(47, 47, 93, 94, '2024-04-03 06:00:00', 93, '2024-04-03 10:00:00', 94),
(48, 48, 95, 96, '2024-04-03 07:00:00', 95, '2024-04-03 11:00:00', 96),
(49, 49, 97, 98, '2024-04-03 08:00:00', 97, '2024-04-03 12:00:00', 98),
(50, 50, 99, 100, '2024-04-03 09:00:00', 99, '2024-04-03 13:00:00', 100);

INSERT INTO Railroad.Transaction (id, client_id, trip_id, departure_time, departure_station_id, arrive_time, arrive_station_id, price)
VALUES
(1, 1, 1, '2024-04-01 08:00:00', 1, '2024-04-01 12:00:00', 2, 50),
(2, 2, 2, '2024-04-01 09:00:00', 3, '2024-04-01 13:00:00', 4, 60),
(3, 3, 3, '2024-04-01 10:00:00', 5, '2024-04-01 14:00:00', 6, 70),
(4, 4, 4, '2024-04-01 11:00:00', 7, '2024-04-01 15:00:00', 8, 80),
(5, 5, 5, '2024-04-01 12:00:00', 9, '2024-04-01 16:00:00', 10, 90),
(6, 6, 6, '2024-04-01 13:00:00', 11, '2024-04-01 17:00:00', 12, 100),
(7, 7, 7, '2024-04-01 14:00:00', 13, '2024-04-01 18:00:00', 14, 110),
(8, 8, 8, '2024-04-01 15:00:00', 15, '2024-04-01 19:00:00', 16, 120),
(9, 9, 9, '2024-04-01 16:00:00', 17, '2024-04-01 20:00:00', 18, 130),
(10, 10, 10, '2024-04-01 17:00:00', 19, '2024-04-01 21:00:00', 20, 140),
(11, 11, 11, '2024-04-01 18:00:00', 21, '2024-04-01 22:00:00', 22, 150),
(12, 12, 12, '2024-04-01 19:00:00', 23, '2024-04-01 23:00:00', 24, 160),
(13, 13, 13, '2024-04-01 20:00:00', 25, '2024-04-02 00:00:00', 26, 170),
(14, 14, 14, '2024-04-01 21:00:00', 27, '2024-04-02 01:00:00', 28, 180),
(15, 15, 15, '2024-04-01 22:00:00', 29, '2024-04-02 02:00:00', 30, 190),
(16, 16, 16, '2024-04-01 23:00:00', 31, '2024-04-02 03:00:00', 32, 200),
(17, 17, 17, '2024-04-02 00:00:00', 33, '2024-04-02 04:00:00', 34, 210),
(18, 18, 18, '2024-04-02 01:00:00', 35, '2024-04-02 05:00:00', 36, 220),
(19, 19, 19, '2024-04-02 02:00:00', 37, '2024-04-02 06:00:00', 38, 230),
(20, 20, 20, '2024-04-02 03:00:00', 39, '2024-04-02 07:00:00', 40, 240),
(21, 21, 21, '2024-04-02 04:00:00', 41, '2024-04-02 08:00:00', 42, 250),
(22, 22, 22, '2024-04-02 05:00:00', 43, '2024-04-02 09:00:00', 44, 260),
(23, 23, 23, '2024-04-02 06:00:00', 45, '2024-04-02 10:00:00', 46, 270),
(24, 24, 24, '2024-04-02 07:00:00', 47, '2024-04-02 11:00:00', 48, 280),
(25, 25, 25, '2024-04-02 08:00:00', 49, '2024-04-02 12:00:00', 50, 290),
(26, 26, 26, '2024-04-02 09:00:00', 51, '2024-04-02 13:00:00', 52, 300),
(27, 27, 27, '2024-04-02 10:00:00', 53, '2024-04-02 14:00:00', 54, 310),
(28, 28, 28, '2024-04-02 11:00:00', 55, '2024-04-02 15:00:00', 56, 320),
(29, 29, 29, '2024-04-02 12:00:00', 57, '2024-04-02 16:00:00', 58, 330),
(30, 30, 30, '2024-04-02 13:00:00', 59, '2024-04-02 17:00:00', 60, 340),
(31, 31, 31, '2024-04-02 14:00:00', 61, '2024-04-02 18:00:00', 62, 350),
(32, 32, 32, '2024-04-02 15:00:00', 63, '2024-04-02 19:00:00', 64, 360),
(33, 33, 33, '2024-04-02 16:00:00', 65, '2024-04-02 20:00:00', 66, 370),
(34, 34, 34, '2024-04-02 17:00:00', 67, '2024-04-02 21:00:00', 68, 380),
(35, 35, 35, '2024-04-02 18:00:00', 69, '2024-04-02 22:00:00', 70, 390),
(36, 36, 36, '2024-04-02 19:00:00', 71, '2024-04-02 23:00:00', 72, 400),
(37, 37, 37, '2024-04-02 20:00:00', 73, '2024-04-03 00:00:00', 74, 410),
(38, 38, 38, '2024-04-02 21:00:00', 75, '2024-04-03 01:00:00', 76, 420),
(39, 39, 39, '2024-04-02 22:00:00', 77, '2024-04-03 02:00:00', 78, 430),
(40, 40, 40, '2024-04-02 23:00:00', 79, '2024-04-03 03:00:00', 80, 440),
(41, 41, 41, '2024-04-03 00:00:00', 81, '2024-04-03 04:00:00', 82, 450),
(42, 42, 42, '2024-04-03 01:00:00', 83, '2024-04-03 05:00:00', 84, 460),
(43, 43, 43, '2024-04-03 02:00:00', 85, '2024-04-03 06:00:00', 86, 470),
(44, 44, 44, '2024-04-03 03:00:00', 87, '2024-04-03 07:00:00', 88, 480),
(45, 45, 45, '2024-04-03 04:00:00', 89, '2024-04-03 08:00:00', 90, 490),
(46, 46, 46, '2024-04-03 05:00:00', 91, '2024-04-03 09:00:00', 92, 500),
(47, 47, 47, '2024-04-03 06:00:00', 93, '2024-04-03 10:00:00', 94, 510),
(48, 48, 48, '2024-04-03 07:00:00', 95, '2024-04-03 11:00:00', 96, 520),
(49, 49, 49, '2024-04-03 08:00:00', 97, '2024-04-03 12:00:00', 98, 530),
(50, 50, 50, '2024-04-03 09:00:00', 99, '2024-04-03 13:00:00', 100, 540);

INSERT INTO Railroad.Review (id, transaction_id, mark, content)
VALUES
(1, 1, 4, 'Great trip, comfortable seats.'),
(2, 2, 5, 'Amazing experience, loved the scenery.'),
(3, 3, 3, 'Average trip, could be better.'),
(4, 4, 4, 'Good service, friendly staff.'),
(5, 5, 5, 'Excellent journey, will definitely travel again.'),
(6, 6, 2, 'Poor experience, train was delayed.'),
(7, 7, 3, 'Fair trip, nothing remarkable.'),
(8, 8, 4, 'Enjoyed the ride, smooth travel.'),
(9, 9, 5, 'Fantastic trip, highly recommended.'),
(10, 10, 4, 'Nice journey, good amenities onboard.'),
(11, 11, 3, 'Decent trip, could improve cleanliness.'),
(12, 12, 5, 'Outstanding service, very impressed.'),
(13, 13, 4, 'Satisfactory journey, no complaints.'),
(14, 14, 2, 'Unsatisfactory trip, seats were uncomfortable.'),
(15, 15, 3, 'Okay experience, nothing special.'),
(16, 16, 4, 'Pleasant journey, enjoyed the view.'),
(17, 17, 5, 'Remarkable trip, exceeded expectations.'),
(18, 18, 4, 'Well-organized travel, everything went smoothly.'),
(19, 19, 3, 'Mediocre journey, expected better.'),
(20, 20, 4, 'Great service, helpful staff.'),
(21, 21, 5, 'Wonderful experience, will travel again.'),
(22, 22, 4, 'Comfortable ride, clean compartments.'),
(23, 23, 3, 'Average trip, nothing exceptional.'),
(24, 24, 4, 'Good journey, enjoyed the onboard facilities.'),
(25, 25, 5, 'Excellent service, punctual departure and arrival.'),
(26, 26, 4, 'Nice travel experience, no complaints.'),
(27, 27, 3, 'Fair trip, could improve customer service.'),
(28, 28, 4, 'Enjoyable journey, scenic route.'),
(29, 29, 5, 'Fantastic trip, exceeded expectations.'),
(30, 30, 4, 'Satisfactory travel experience, no issues.');

INSERT INTO Railroad.trip_driver (trip_id, driver_id) VALUES
(1, 1),
(1, 2),
(2, 3),
(2, 4),
(3, 5),
(3, 6),
(4, 7),
(4, 8),
(5, 9),
(5, 10),
(6, 11),
(6, 12),
(7, 13),
(7, 14),
(8, 15),
(8, 16),
(9, 17),
(9, 18),
(10, 19),
(10, 20),
(11, 21),
(11, 22),
(12, 23),
(12, 24),
(13, 25),
(13, 26),
(14, 27),
(14, 28),
(15, 29),
(15, 30),
(16, 31),
(16, 32),
(17, 33),
(17, 34),
(18, 35),
(18, 36),
(19, 37),
(19, 38),
(20, 39),
(20, 40),
(21, 41),
(21, 42),
(22, 43),
(22, 44),
(23, 45),
(23, 46),
(24, 47),
(24, 48),
(25, 49),
(25, 50),
(26, 51),
(26, 52),
(27, 53),
(27, 54),
(28, 55),
(28, 56),
(29, 57),
(29, 58),
(30, 59),
(30, 60),
(31, 61),
(31, 62),
(32, 63),
(32, 64),
(33, 65),
(33, 66),
(34, 67),
(34, 68),
(35, 69),
(35, 70),
(36, 71),
(36, 72),
(37, 73),
(37, 74),
(38, 75),
(38, 76),
(39, 77),
(39, 78),
(40, 79),
(40, 80),
(41, 81),
(41, 82),
(42, 83),
(42, 84),
(43, 85),
(43, 86),
(44, 87),
(44, 88),
(45, 89),
(45, 90),
(46, 91),
(46, 92),
(47, 93),
(47, 94),
(48, 95),
(48, 96),
(49, 97),
(49, 98),
(50, 99),
(50, 100);
